               epoch,      train/box_loss,      train/obj_loss,      train/cls_loss,   metrics/precision,      metrics/recall,     metrics/mAP_0.5,metrics/mAP_0.5:0.95,        val/box_loss,        val/obj_loss,        val/cls_loss,               x/lr0,               x/lr1,               x/lr2
                   0,             0.12247,             0.32923,                   0,                   0,                   0,                   0,                   0,             0.11589,             0.41043,                   0,              0.0006,              0.0006,              0.0946
                   1,             0.11902,             0.32599,                   0,            0.019351,              0.1746,            0.011078,           0.0017383,             0.11504,             0.52904,                   0,           0.0012936,           0.0012936,            0.088294
                   2,             0.11409,             0.25551,                   0,                0.03,             0.28571,            0.020281,               0.004,             0.10698,             0.71623,                   0,           0.0019802,           0.0019802,             0.08198
                   3,             0.10623,             0.24215,                   0,            0.090708,             0.79365,             0.10234,            0.024632,             0.10005,             0.94772,                   0,           0.0026599,           0.0026599,             0.07566
                   4,            0.097782,              0.2535,                   0,             0.11629,             0.30189,            0.085543,            0.013098,             0.11048,             0.54863,                   0,           0.0033327,           0.0033327,            0.069333
                   5,            0.096798,             0.30372,                   0,             0.20304,             0.67772,             0.17207,             0.03949,             0.10536,             0.34449,                   0,           0.0039985,           0.0039985,            0.062999
                   6,            0.095841,             0.24111,                   0,             0.31421,             0.98435,              0.7922,             0.20064,            0.096456,             0.60131,                   0,           0.0046574,           0.0046574,            0.056657
                   7,            0.095709,             0.28882,                   0,             0.27084,             0.88707,              0.5973,            0.095387,             0.10793,              1.2652,                   0,           0.0053094,           0.0053094,            0.050309
                   8,             0.10759,             0.23872,                   0,              0.1056,             0.38113,            0.069042,            0.012678,             0.10638,             0.32555,                   0,           0.0059545,           0.0059545,            0.043954
                   9,             0.10251,             0.25548,                   0,             0.28485,             0.93894,             0.39774,             0.15503,             0.11216,             0.75747,                   0,           0.0065926,           0.0065926,            0.037593
                  10,             0.09707,             0.27239,                   0,             0.12938,             0.45114,            0.092081,            0.037186,             0.10458,              1.3982,                   0,           0.0072238,           0.0072238,            0.031224
                  11,            0.089558,             0.31124,                   0,             0.24158,             0.88328,             0.34763,             0.12716,             0.10173,             0.91859,                   0,           0.0078481,           0.0078481,            0.024848
                  12,             0.10225,             0.32198,                   0,            0.045618,             0.15115,            0.023385,           0.0056159,             0.12115,             0.96401,                   0,           0.0084654,           0.0084654,            0.018465
                  13,             0.11075,             0.39118,                   0,              0.3326,             0.98431,             0.85482,             0.32423,             0.13039,             0.97612,                   0,           0.0090758,           0.0090758,            0.012076
                  14,             0.10168,             0.29702,                   0,             0.27359,              0.9821,             0.83927,             0.48917,             0.10561,              3.3911,                   0,            0.009307,            0.009307,            0.009307
                  15,            0.092985,             0.35965,                   0,          0.00040907,           0.0013605,          0.00016753,          1.6753e-05,             0.12595,              1.9682,                   0,            0.009307,            0.009307,            0.009307
                  16,            0.095448,             0.31411,                   0,             0.30919,             0.99687,             0.90348,             0.26285,            0.098649,             0.73859,                   0,           0.0092575,           0.0092575,           0.0092575
                  17,            0.095258,              0.2882,                   0,             0.29556,                   1,             0.96191,             0.38898,             0.10852,              2.3088,                   0,            0.009208,            0.009208,            0.009208
                  18,             0.08709,             0.29296,                   0,             0.22437,              0.7477,              0.1969,            0.046534,             0.10326,              1.4336,                   0,           0.0091585,           0.0091585,           0.0091585
                  19,            0.083588,             0.25652,                   0,             0.20986,             0.68592,             0.20056,            0.033454,             0.10005,              1.3807,                   0,            0.009109,            0.009109,            0.009109
                  20,            0.085039,             0.24436,                   0,             0.27501,             0.88626,             0.62472,             0.21067,             0.10384,             0.62239,                   0,           0.0090595,           0.0090595,           0.0090595
                  21,            0.086138,             0.26681,                   0,             0.24785,             0.86119,             0.34222,            0.053005,             0.10393,              1.8959,                   0,             0.00901,             0.00901,             0.00901
                  22,            0.079569,             0.29444,                   0,             0.24013,             0.83562,             0.57852,            0.092215,             0.10308,              1.6028,                   0,           0.0089605,           0.0089605,           0.0089605
                  23,            0.073197,             0.30909,                   0,             0.27645,             0.94795,             0.30679,            0.071332,            0.093501,              1.2542,                   0,            0.008911,            0.008911,            0.008911
                  24,            0.076516,             0.26066,                   0,             0.28679,             0.99409,             0.61317,             0.16938,            0.093127,             0.99917,                   0,           0.0088615,           0.0088615,           0.0088615
                  25,            0.077538,             0.25253,                   0,             0.53512,             0.98198,             0.95694,             0.23525,            0.075399,             0.55755,                   0,            0.008812,            0.008812,            0.008812
                  26,            0.068392,             0.21602,                   0,             0.31282,              0.9958,             0.59697,             0.20029,            0.076716,             0.72013,                   0,           0.0087625,           0.0087625,           0.0087625
                  27,            0.067491,             0.24864,                   0,             0.27998,             0.99939,             0.88791,             0.31819,            0.076921,             0.81679,                   0,            0.008713,            0.008713,            0.008713
                  28,               0.071,             0.23518,                   0,             0.45094,                   1,             0.80974,              0.3409,            0.083316,              0.5923,                   0,           0.0086635,           0.0086635,           0.0086635
                  29,            0.063618,             0.22809,                   0,             0.33236,                   1,             0.88783,             0.32177,            0.076387,             0.56272,                   0,            0.008614,            0.008614,            0.008614
                  30,            0.065192,               0.231,                   0,             0.43317,                   1,             0.96242,             0.35898,            0.072558,             0.56558,                   0,           0.0085645,           0.0085645,           0.0085645
                  31,             0.06543,             0.24067,                   0,             0.35319,             0.99942,             0.77503,             0.31058,            0.074621,             0.61879,                   0,            0.008515,            0.008515,            0.008515
                  32,             0.06687,             0.22732,                   0,             0.46463,              0.9878,             0.71558,             0.39633,            0.074712,             0.42913,                   0,           0.0084655,           0.0084655,           0.0084655
                  33,            0.068716,             0.24625,                   0,             0.76297,             0.99768,             0.98976,             0.45768,            0.075722,             0.40084,                   0,            0.008416,            0.008416,            0.008416
                  34,            0.064226,             0.20807,                   0,             0.70171,             0.97153,              0.9438,             0.40454,            0.068023,             0.34213,                   0,           0.0083665,           0.0083665,           0.0083665
                  35,            0.057948,             0.20639,                   0,             0.39557,             0.96287,             0.57788,             0.33269,            0.062162,             0.37824,                   0,            0.008317,            0.008317,            0.008317
                  36,            0.062054,             0.22085,                   0,             0.75298,             0.99593,             0.96978,              0.6044,            0.069601,             0.37526,                   0,           0.0082675,           0.0082675,           0.0082675
                  37,            0.062719,             0.21305,                   0,              0.7768,             0.96979,             0.96481,             0.29295,            0.062478,             0.34106,                   0,            0.008218,            0.008218,            0.008218
                  38,            0.061619,             0.22865,                   0,             0.89161,             0.98954,             0.98999,             0.63156,            0.060137,                0.34,                   0,           0.0081685,           0.0081685,           0.0081685
                  39,            0.056709,             0.20506,                   0,             0.97736,             0.95314,              0.9874,             0.62131,            0.056553,             0.29784,                   0,            0.008119,            0.008119,            0.008119
                  40,            0.059546,             0.22517,                   0,             0.86409,             0.97443,              0.9519,             0.38747,            0.059775,             0.32087,                   0,           0.0080695,           0.0080695,           0.0080695
                  41,            0.061672,             0.20822,                   0,             0.48207,             0.97511,             0.77898,             0.37568,            0.061556,             0.29727,                   0,             0.00802,             0.00802,             0.00802
                  42,            0.058041,              0.2315,                   0,             0.99634,             0.99942,               0.995,             0.49504,            0.047604,             0.27585,                   0,           0.0079705,           0.0079705,           0.0079705
                  43,            0.055759,             0.21022,                   0,             0.98041,             0.98257,             0.99281,             0.60577,            0.051914,             0.26323,                   0,            0.007921,            0.007921,            0.007921
                  44,            0.059267,             0.21783,                   0,              0.7909,               0.957,             0.93906,             0.40523,             0.06011,             0.28969,                   0,           0.0078715,           0.0078715,           0.0078715
                  45,            0.060416,             0.20374,                   0,             0.99965,                   1,               0.995,             0.61022,            0.049638,             0.25181,                   0,            0.007822,            0.007822,            0.007822
                  46,            0.053343,             0.19155,                   0,             0.99762,                   1,               0.995,             0.52423,            0.054265,              0.2727,                   0,           0.0077725,           0.0077725,           0.0077725
                  47,            0.054982,             0.20108,                   0,             0.95007,             0.98605,             0.99165,             0.53633,            0.046038,             0.25419,                   0,            0.007723,            0.007723,            0.007723
                  48,            0.050344,             0.20111,                   0,             0.86461,             0.99768,             0.97363,             0.47381,            0.049703,             0.26286,                   0,           0.0076735,           0.0076735,           0.0076735
                  49,            0.055127,             0.19727,                   0,             0.81611,             0.99768,             0.98257,             0.49542,            0.051525,             0.26073,                   0,            0.007624,            0.007624,            0.007624
                  50,            0.050908,             0.19038,                   0,             0.57846,             0.99651,             0.70576,             0.42433,            0.049773,             0.26476,                   0,           0.0075745,           0.0075745,           0.0075745
                  51,            0.053931,             0.19779,                   0,              0.9996,                   1,               0.995,             0.67801,            0.048212,             0.25494,                   0,            0.007525,            0.007525,            0.007525
                  52,            0.055263,             0.18661,                   0,             0.99928,                   1,               0.995,             0.49461,            0.053597,              0.2756,                   0,           0.0074755,           0.0074755,           0.0074755
                  53,            0.055367,             0.20304,                   0,             0.99986,             0.99942,               0.995,             0.71636,            0.043914,             0.24343,                   0,            0.007426,            0.007426,            0.007426
                  54,            0.050411,             0.20589,                   0,                   1,             0.99553,               0.995,             0.70554,            0.045221,             0.25821,                   0,           0.0073765,           0.0073765,           0.0073765
                  55,            0.049898,             0.19109,                   0,             0.99417,             0.99942,               0.995,             0.57999,            0.040891,              0.2407,                   0,            0.007327,            0.007327,            0.007327
                  56,            0.049203,             0.19557,                   0,              0.9994,                   1,               0.995,             0.70851,            0.045162,             0.26005,                   0,           0.0072775,           0.0072775,           0.0072775
                  57,            0.051346,             0.19607,                   0,             0.99778,             0.99884,               0.995,             0.60595,            0.047797,             0.25757,                   0,            0.007228,            0.007228,            0.007228
                  58,            0.053027,             0.20675,                   0,             0.98564,             0.99725,             0.99356,             0.65247,            0.046095,             0.26221,                   0,           0.0071785,           0.0071785,           0.0071785
                  59,            0.048224,             0.18442,                   0,             0.99982,                   1,               0.995,             0.68375,            0.043944,             0.24531,                   0,            0.007129,            0.007129,            0.007129
                  60,            0.054126,               0.202,                   0,             0.99677,             0.99826,              0.9936,             0.38607,            0.056739,             0.28103,                   0,           0.0070795,           0.0070795,           0.0070795
                  61,            0.056411,             0.17771,                   0,              0.9989,                   1,               0.995,             0.75092,            0.041213,             0.23104,                   0,             0.00703,             0.00703,             0.00703
                  62,            0.050178,             0.21066,                   0,             0.99986,                   1,               0.995,             0.73148,            0.040911,             0.23392,                   0,           0.0069805,           0.0069805,           0.0069805
                  63,            0.043585,             0.19586,                   0,             0.99988,                   1,               0.995,             0.63059,            0.041908,              0.2361,                   0,            0.006931,            0.006931,            0.006931
                  64,            0.051282,             0.20097,                   0,             0.99985,                   1,               0.995,              0.5785,            0.048736,             0.25028,                   0,           0.0068815,           0.0068815,           0.0068815
                  65,            0.055132,             0.20019,                   0,             0.99938,                   1,               0.995,             0.53419,            0.049662,             0.25021,                   0,            0.006832,            0.006832,            0.006832
                  66,            0.054599,             0.18988,                   0,             0.99989,                   1,               0.995,             0.59264,            0.048509,             0.25192,                   0,           0.0067825,           0.0067825,           0.0067825
                  67,            0.046053,             0.20966,                   0,              0.9999,                   1,               0.995,             0.77501,             0.03691,             0.22595,                   0,            0.006733,            0.006733,            0.006733
                  68,            0.045004,             0.16588,                   0,              0.9999,                   1,               0.995,             0.77123,            0.040556,             0.22971,                   0,           0.0066835,           0.0066835,           0.0066835
                  69,            0.050082,             0.18468,                   0,             0.99983,                   1,               0.995,             0.54232,            0.053746,             0.26759,                   0,            0.006634,            0.006634,            0.006634
                  70,            0.059632,              0.2042,                   0,             0.99969,                   1,               0.995,             0.58266,             0.04753,             0.24317,                   0,           0.0065845,           0.0065845,           0.0065845
                  71,            0.048147,             0.18709,                   0,             0.99992,                   1,               0.995,             0.74015,            0.038468,              0.2247,                   0,            0.006535,            0.006535,            0.006535
                  72,            0.045576,             0.19837,                   0,             0.99978,                   1,               0.995,             0.71782,             0.03973,             0.22999,                   0,           0.0064855,           0.0064855,           0.0064855
                  73,            0.048755,             0.17768,                   0,             0.81104,             0.99709,             0.97248,               0.559,             0.04642,             0.24896,                   0,            0.006436,            0.006436,            0.006436
                  74,            0.045377,             0.19269,                   0,             0.99925,                   1,             0.99499,             0.68224,            0.040038,             0.23048,                   0,           0.0063865,           0.0063865,           0.0063865
                  75,            0.041393,             0.18659,                   0,             0.99988,                   1,               0.995,             0.77141,            0.036954,              0.2168,                   0,            0.006337,            0.006337,            0.006337
                  76,            0.041013,             0.17596,                   0,             0.99988,                   1,               0.995,             0.78811,            0.037656,             0.21678,                   0,           0.0062875,           0.0062875,           0.0062875
                  77,            0.041006,             0.18491,                   0,             0.99924,                   1,               0.995,             0.74149,            0.041836,             0.23114,                   0,            0.006238,            0.006238,            0.006238
                  78,            0.045199,             0.16405,                   0,             0.99992,                   1,               0.995,              0.7563,            0.039819,             0.22678,                   0,           0.0061885,           0.0061885,           0.0061885
                  79,             0.04238,             0.17668,                   0,             0.99984,                   1,               0.995,             0.68994,            0.038945,             0.22234,                   0,            0.006139,            0.006139,            0.006139
                  80,            0.043903,             0.19188,                   0,             0.99876,                   1,               0.995,             0.75042,            0.039061,             0.21669,                   0,           0.0060895,           0.0060895,           0.0060895
                  81,            0.043704,             0.16948,                   0,             0.99985,                   1,               0.995,             0.72894,            0.043892,             0.24214,                   0,             0.00604,             0.00604,             0.00604
                  82,            0.042354,             0.18253,                   0,              0.9999,                   1,               0.995,             0.79427,            0.037354,             0.21503,                   0,           0.0059905,           0.0059905,           0.0059905
                  83,            0.044355,             0.17959,                   0,             0.99991,                   1,               0.995,             0.77339,            0.036996,             0.21625,                   0,            0.005941,            0.005941,            0.005941
                  84,            0.044068,             0.17639,                   0,              0.9999,                   1,               0.995,             0.64693,             0.04173,             0.24005,                   0,           0.0058915,           0.0058915,           0.0058915
                  85,            0.045809,             0.19802,                   0,              0.9999,                   1,               0.995,             0.64118,            0.044559,             0.23842,                   0,            0.005842,            0.005842,            0.005842
                  86,            0.045431,              0.1703,                   0,             0.99988,                   1,               0.995,             0.65606,            0.043328,             0.23734,                   0,           0.0057925,           0.0057925,           0.0057925
                  87,            0.040761,             0.16595,                   0,              0.9999,                   1,               0.995,             0.76189,            0.035786,             0.21115,                   0,            0.005743,            0.005743,            0.005743
                  88,            0.038927,             0.15846,                   0,             0.99991,                   1,               0.995,             0.76871,            0.037842,             0.21611,                   0,           0.0056935,           0.0056935,           0.0056935
                  89,            0.039879,             0.16362,                   0,              0.9999,                   1,               0.995,             0.76769,            0.035852,             0.20993,                   0,            0.005644,            0.005644,            0.005644
                  90,            0.037249,             0.16243,                   0,             0.99989,                   1,               0.995,             0.75759,            0.038785,             0.22324,                   0,           0.0055945,           0.0055945,           0.0055945
                  91,            0.040373,             0.17842,                   0,             0.99991,                   1,               0.995,             0.75735,            0.037392,             0.21681,                   0,            0.005545,            0.005545,            0.005545
                  92,            0.045485,             0.16655,                   0,             0.99989,                   1,               0.995,             0.73717,            0.042429,             0.23311,                   0,           0.0054955,           0.0054955,           0.0054955
                  93,            0.047555,             0.20709,                   0,             0.99996,             0.99826,               0.995,             0.74889,            0.039456,             0.22032,                   0,            0.005446,            0.005446,            0.005446
                  94,             0.04442,               0.182,                   0,             0.99991,                   1,               0.995,             0.74609,            0.038787,             0.23037,                   0,           0.0053965,           0.0053965,           0.0053965
                  95,            0.041362,             0.17985,                   0,             0.99991,                   1,               0.995,             0.76791,            0.039518,             0.22123,                   0,            0.005347,            0.005347,            0.005347
                  96,            0.043117,             0.16615,                   0,             0.99992,                   1,               0.995,             0.75138,            0.037502,             0.21887,                   0,           0.0052975,           0.0052975,           0.0052975
                  97,             0.04243,             0.17766,                   0,             0.99989,                   1,               0.995,             0.64311,            0.042085,             0.23269,                   0,            0.005248,            0.005248,            0.005248
                  98,             0.04204,             0.18781,                   0,              0.9999,                   1,               0.995,             0.73296,            0.038952,             0.22204,                   0,           0.0051985,           0.0051985,           0.0051985
                  99,              0.0396,             0.16941,                   0,              0.9999,                   1,               0.995,             0.78522,            0.035731,              0.2114,                   0,            0.005149,            0.005149,            0.005149
                 100,            0.036706,             0.15673,                   0,             0.99989,                   1,               0.995,             0.78187,             0.03653,             0.21134,                   0,           0.0050995,           0.0050995,           0.0050995
                 101,            0.039256,             0.16429,                   0,             0.99989,                   1,               0.995,             0.78874,            0.036524,             0.21549,                   0,             0.00505,             0.00505,             0.00505
                 102,            0.040432,             0.16482,                   0,             0.99984,                   1,               0.995,             0.79969,             0.03804,             0.21114,                   0,           0.0050005,           0.0050005,           0.0050005
                 103,            0.037737,             0.15986,                   0,             0.99989,                   1,               0.995,             0.78931,            0.036145,             0.21632,                   0,            0.004951,            0.004951,            0.004951
                 104,            0.040128,             0.17234,                   0,             0.99991,                   1,               0.995,             0.76248,            0.038856,             0.21804,                   0,           0.0049015,           0.0049015,           0.0049015
                 105,            0.041061,             0.17917,                   0,              0.9999,                   1,               0.995,             0.76361,            0.038173,             0.21702,                   0,            0.004852,            0.004852,            0.004852
                 106,            0.042958,             0.19174,                   0,             0.99988,                   1,               0.995,             0.61065,            0.046461,             0.24658,                   0,           0.0048025,           0.0048025,           0.0048025
                 107,            0.041535,             0.18561,                   0,             0.99989,                   1,               0.995,             0.78432,             0.03616,             0.21677,                   0,            0.004753,            0.004753,            0.004753
                 108,              0.0387,             0.17405,                   0,              0.9999,                   1,               0.995,             0.77362,            0.038113,             0.21889,                   0,           0.0047035,           0.0047035,           0.0047035
                 109,            0.038531,             0.16201,                   0,             0.99988,                   1,               0.995,             0.77958,            0.036144,             0.21539,                   0,            0.004654,            0.004654,            0.004654
                 110,            0.037713,             0.16449,                   0,              0.9999,                   1,               0.995,             0.70226,            0.039766,             0.22765,                   0,           0.0046045,           0.0046045,           0.0046045
                 111,            0.038949,             0.17072,                   0,             0.99988,                   1,               0.995,             0.77699,            0.035392,             0.21058,                   0,            0.004555,            0.004555,            0.004555
                 112,            0.037098,             0.14373,                   0,             0.99988,                   1,               0.995,             0.78707,            0.035422,             0.21146,                   0,           0.0045055,           0.0045055,           0.0045055
                 113,            0.036628,             0.17172,                   0,             0.99988,                   1,               0.995,             0.75865,            0.036253,             0.21676,                   0,            0.004456,            0.004456,            0.004456
                 114,            0.035122,             0.15793,                   0,             0.99988,                   1,               0.995,             0.79425,            0.035301,             0.20822,                   0,           0.0044065,           0.0044065,           0.0044065
                 115,             0.03644,             0.16031,                   0,             0.99989,                   1,               0.995,             0.76395,            0.036105,             0.21416,                   0,            0.004357,            0.004357,            0.004357
                 116,            0.036615,             0.16839,                   0,             0.99989,                   1,               0.995,             0.66913,            0.038573,             0.22152,                   0,           0.0043075,           0.0043075,           0.0043075
                 117,            0.042009,              0.1782,                   0,              0.9999,                   1,               0.995,             0.74845,            0.037999,             0.21775,                   0,            0.004258,            0.004258,            0.004258
                 118,            0.035507,             0.15278,                   0,              0.9999,                   1,               0.995,             0.79658,              0.0354,             0.21496,                   0,           0.0042085,           0.0042085,           0.0042085
                 119,            0.038785,              0.1697,                   0,              0.9999,                   1,               0.995,             0.79665,            0.034315,             0.20738,                   0,            0.004159,            0.004159,            0.004159
                 120,            0.038289,             0.16096,                   0,              0.9999,                   1,               0.995,             0.77608,            0.035446,             0.21011,                   0,           0.0041095,           0.0041095,           0.0041095
                 121,            0.038191,             0.17222,                   0,              0.9999,                   1,               0.995,             0.79467,            0.034798,             0.21328,                   0,             0.00406,             0.00406,             0.00406
                 122,            0.036218,             0.17287,                   0,             0.99989,                   1,               0.995,             0.79772,            0.034345,             0.20826,                   0,           0.0040105,           0.0040105,           0.0040105
                 123,            0.036691,             0.16943,                   0,             0.99989,                   1,               0.995,             0.79528,            0.034969,             0.21297,                   0,            0.003961,            0.003961,            0.003961
                 124,            0.039895,             0.15826,                   0,             0.99989,                   1,               0.995,              0.8058,            0.033954,              0.2052,                   0,           0.0039115,           0.0039115,           0.0039115
                 125,            0.036926,             0.16759,                   0,             0.99989,                   1,               0.995,             0.81061,             0.03427,             0.20363,                   0,            0.003862,            0.003862,            0.003862
                 126,             0.04011,              0.1815,                   0,              0.9999,                   1,               0.995,             0.80868,            0.034709,             0.20781,                   0,           0.0038125,           0.0038125,           0.0038125
                 127,            0.034235,              0.1502,                   0,             0.99989,                   1,               0.995,             0.80068,            0.034522,              0.2064,                   0,            0.003763,            0.003763,            0.003763
                 128,            0.037036,              0.1513,                   0,              0.9999,                   1,               0.995,             0.79242,            0.036089,             0.21049,                   0,           0.0037135,           0.0037135,           0.0037135
                 129,            0.036536,             0.13745,                   0,              0.9999,                   1,               0.995,             0.80072,            0.035252,             0.20942,                   0,            0.003664,            0.003664,            0.003664
                 130,            0.036352,             0.15137,                   0,             0.99989,                   1,               0.995,              0.8095,            0.034087,             0.20523,                   0,           0.0036145,           0.0036145,           0.0036145
                 131,            0.035133,             0.16202,                   0,             0.99988,                   1,               0.995,             0.79788,            0.034452,             0.20686,                   0,            0.003565,            0.003565,            0.003565
                 132,            0.033882,             0.16489,                   0,             0.99987,                   1,               0.995,             0.78981,            0.034613,             0.20781,                   0,           0.0035155,           0.0035155,           0.0035155
                 133,            0.035178,              0.1582,                   0,             0.99987,                   1,               0.995,             0.81358,            0.034029,             0.20463,                   0,            0.003466,            0.003466,            0.003466
                 134,            0.038011,             0.14827,                   0,             0.99988,                   1,               0.995,              0.8095,            0.034229,             0.20613,                   0,           0.0034165,           0.0034165,           0.0034165
                 135,            0.036233,             0.15438,                   0,              0.9999,                   1,               0.995,             0.80399,            0.034673,              0.2094,                   0,            0.003367,            0.003367,            0.003367
                 136,            0.034067,             0.13967,                   0,             0.99989,                   1,               0.995,             0.80923,            0.034101,             0.20566,                   0,           0.0033175,           0.0033175,           0.0033175
                 137,            0.041808,             0.16909,                   0,              0.9999,                   1,               0.995,             0.80464,            0.034765,             0.20834,                   0,            0.003268,            0.003268,            0.003268
                 138,            0.038226,             0.15932,                   0,              0.9999,                   1,               0.995,             0.79848,            0.034405,             0.20783,                   0,           0.0032185,           0.0032185,           0.0032185
                 139,            0.035785,              0.1732,                   0,             0.99989,                   1,               0.995,             0.78127,            0.034847,             0.21034,                   0,            0.003169,            0.003169,            0.003169
                 140,            0.037047,             0.16782,                   0,             0.99988,                   1,               0.995,             0.80616,            0.033966,             0.20719,                   0,           0.0031195,           0.0031195,           0.0031195
                 141,            0.036876,              0.1549,                   0,             0.99988,                   1,               0.995,              0.7939,            0.034584,             0.20924,                   0,             0.00307,             0.00307,             0.00307
                 142,            0.037161,             0.17099,                   0,             0.99987,                   1,               0.995,             0.80384,            0.034106,             0.20897,                   0,           0.0030205,           0.0030205,           0.0030205
                 143,            0.036504,             0.15628,                   0,             0.99988,                   1,               0.995,             0.81045,            0.033818,             0.20551,                   0,            0.002971,            0.002971,            0.002971
                 144,            0.032861,             0.14775,                   0,             0.99988,                   1,               0.995,             0.81116,            0.033831,             0.20544,                   0,           0.0029215,           0.0029215,           0.0029215
                 145,            0.035392,             0.16348,                   0,             0.99988,                   1,               0.995,             0.80881,            0.034029,             0.20756,                   0,            0.002872,            0.002872,            0.002872
                 146,            0.035284,             0.15277,                   0,             0.99988,                   1,               0.995,             0.80823,            0.034089,             0.20566,                   0,           0.0028225,           0.0028225,           0.0028225
                 147,            0.035852,             0.14386,                   0,             0.99989,                   1,               0.995,             0.81232,            0.033846,             0.20578,                   0,            0.002773,            0.002773,            0.002773
                 148,            0.035554,             0.14583,                   0,             0.99988,                   1,               0.995,             0.80764,            0.034344,             0.20608,                   0,           0.0027235,           0.0027235,           0.0027235
                 149,            0.037855,              0.1485,                   0,             0.99988,                   1,               0.995,             0.80156,            0.034235,             0.20559,                   0,            0.002674,            0.002674,            0.002674
                 150,            0.036489,             0.14204,                   0,             0.99986,                   1,               0.995,             0.81044,            0.034358,             0.20546,                   0,           0.0026245,           0.0026245,           0.0026245
                 151,            0.035358,             0.15733,                   0,             0.99986,                   1,               0.995,             0.80986,            0.033688,             0.20242,                   0,            0.002575,            0.002575,            0.002575
                 152,             0.03653,             0.17597,                   0,             0.99987,                   1,               0.995,             0.81032,            0.033821,             0.20519,                   0,           0.0025255,           0.0025255,           0.0025255
                 153,            0.036185,             0.15131,                   0,             0.99988,                   1,               0.995,             0.80796,            0.034158,             0.20659,                   0,            0.002476,            0.002476,            0.002476
                 154,            0.035564,             0.14609,                   0,             0.99989,                   1,               0.995,             0.80595,            0.033925,             0.20608,                   0,           0.0024265,           0.0024265,           0.0024265
                 155,            0.033717,             0.16485,                   0,             0.99989,                   1,               0.995,             0.80762,            0.033883,             0.20404,                   0,            0.002377,            0.002377,            0.002377
                 156,            0.035748,             0.14137,                   0,              0.9999,                   1,               0.995,             0.80531,            0.033951,             0.20456,                   0,           0.0023275,           0.0023275,           0.0023275
                 157,            0.036821,              0.1382,                   0,              0.9999,                   1,               0.995,              0.8121,            0.033768,             0.20359,                   0,            0.002278,            0.002278,            0.002278
                 158,            0.035373,             0.16566,                   0,             0.99988,                   1,               0.995,             0.80744,            0.033974,             0.20667,                   0,           0.0022285,           0.0022285,           0.0022285
                 159,            0.034349,             0.14973,                   0,             0.99987,                   1,               0.995,             0.80972,            0.033668,             0.20507,                   0,            0.002179,            0.002179,            0.002179
                 160,            0.034479,             0.14521,                   0,             0.99987,                   1,               0.995,             0.80256,            0.034175,             0.20747,                   0,           0.0021295,           0.0021295,           0.0021295
                 161,            0.034809,             0.15272,                   0,             0.99986,                   1,               0.995,             0.80809,            0.033616,             0.20403,                   0,             0.00208,             0.00208,             0.00208
                 162,            0.035304,             0.16491,                   0,             0.99989,                   1,               0.995,             0.80873,            0.033767,             0.20593,                   0,           0.0020305,           0.0020305,           0.0020305
                 163,            0.035715,             0.15951,                   0,             0.99988,                   1,               0.995,              0.7963,            0.034361,             0.20925,                   0,            0.001981,            0.001981,            0.001981
                 164,            0.036122,             0.16106,                   0,             0.99988,                   1,               0.995,              0.8108,            0.033699,             0.20567,                   0,           0.0019315,           0.0019315,           0.0019315
                 165,            0.034702,              0.1445,                   0,             0.99988,                   1,               0.995,             0.81382,            0.033714,             0.20482,                   0,            0.001882,            0.001882,            0.001882
                 166,            0.034512,             0.13165,                   0,             0.99988,                   1,               0.995,             0.81092,            0.033796,             0.20623,                   0,           0.0018325,           0.0018325,           0.0018325
                 167,            0.034696,             0.14508,                   0,             0.99987,                   1,               0.995,             0.80206,            0.034157,             0.20728,                   0,            0.001783,            0.001783,            0.001783
                 168,             0.03405,             0.15391,                   0,             0.99987,                   1,               0.995,             0.81187,            0.033602,              0.2051,                   0,           0.0017335,           0.0017335,           0.0017335
                 169,            0.034284,             0.14961,                   0,             0.99988,                   1,               0.995,             0.81036,            0.033744,             0.20549,                   0,            0.001684,            0.001684,            0.001684
                 170,            0.036564,             0.16724,                   0,             0.99988,                   1,               0.995,             0.81464,             0.03358,             0.20427,                   0,           0.0016345,           0.0016345,           0.0016345
                 171,            0.035625,             0.15446,                   0,             0.99989,                   1,               0.995,             0.81344,            0.033713,             0.20572,                   0,            0.001585,            0.001585,            0.001585
                 172,            0.033447,              0.1514,                   0,             0.99989,                   1,               0.995,             0.81083,            0.033786,             0.20631,                   0,           0.0015355,           0.0015355,           0.0015355
                 173,            0.033095,             0.13491,                   0,             0.99987,                   1,               0.995,             0.81201,             0.03368,             0.20534,                   0,            0.001486,            0.001486,            0.001486
                 174,            0.033166,             0.13921,                   0,             0.99988,                   1,               0.995,             0.81674,            0.033597,             0.20435,                   0,           0.0014365,           0.0014365,           0.0014365
                 175,             0.03537,             0.15265,                   0,             0.99988,                   1,               0.995,             0.81289,            0.033714,             0.20494,                   0,            0.001387,            0.001387,            0.001387
                 176,            0.036146,             0.16247,                   0,             0.99988,                   1,               0.995,             0.81624,            0.033419,             0.20392,                   0,           0.0013375,           0.0013375,           0.0013375
                 177,            0.035693,             0.17621,                   0,             0.99988,                   1,               0.995,             0.81112,            0.033592,             0.20479,                   0,            0.001288,            0.001288,            0.001288
                 178,             0.03438,             0.16826,                   0,             0.99989,                   1,               0.995,             0.81103,            0.033483,              0.2035,                   0,           0.0012385,           0.0012385,           0.0012385
                 179,            0.034416,             0.15316,                   0,              0.9999,                   1,               0.995,             0.81182,            0.033513,             0.20391,                   0,            0.001189,            0.001189,            0.001189
                 180,            0.035135,              0.1593,                   0,             0.99989,                   1,               0.995,             0.81384,            0.033418,             0.20349,                   0,           0.0011395,           0.0011395,           0.0011395
                 181,            0.033051,             0.14906,                   0,              0.9999,                   1,               0.995,             0.81246,            0.033464,             0.20356,                   0,             0.00109,             0.00109,             0.00109
                 182,             0.03636,             0.14879,                   0,              0.9999,                   1,               0.995,             0.80193,            0.034128,             0.20639,                   0,           0.0010405,           0.0010405,           0.0010405
                 183,            0.033357,             0.14321,                   0,             0.99989,                   1,               0.995,             0.80597,            0.033838,             0.20551,                   0,            0.000991,            0.000991,            0.000991
                 184,            0.035971,              0.1568,                   0,              0.9999,                   1,               0.995,             0.80765,            0.033707,             0.20517,                   0,           0.0009415,           0.0009415,           0.0009415
                 185,            0.034114,             0.14895,                   0,              0.9999,                   1,               0.995,             0.81083,            0.033518,              0.2045,                   0,            0.000892,            0.000892,            0.000892
                 186,             0.03408,             0.15513,                   0,             0.99989,                   1,               0.995,             0.81298,             0.03346,             0.20379,                   0,           0.0008425,           0.0008425,           0.0008425
                 187,            0.033896,              0.1447,                   0,             0.99988,                   1,               0.995,              0.8143,            0.033436,             0.20347,                   0,            0.000793,            0.000793,            0.000793
                 188,            0.034422,             0.15847,                   0,             0.99988,                   1,               0.995,             0.81399,            0.033456,             0.20351,                   0,           0.0007435,           0.0007435,           0.0007435
                 189,            0.035251,             0.15637,                   0,             0.99988,                   1,               0.995,             0.81163,             0.03361,             0.20432,                   0,            0.000694,            0.000694,            0.000694
                 190,            0.034225,             0.15652,                   0,             0.99988,                   1,               0.995,             0.81102,            0.033541,             0.20457,                   0,           0.0006445,           0.0006445,           0.0006445
                 191,            0.034951,             0.15051,                   0,             0.99988,                   1,               0.995,              0.8095,            0.033624,               0.206,                   0,            0.000595,            0.000595,            0.000595
                 192,            0.037045,             0.14655,                   0,             0.99989,                   1,               0.995,             0.80904,            0.033637,             0.20613,                   0,           0.0005455,           0.0005455,           0.0005455
                 193,            0.033397,             0.16194,                   0,             0.99989,                   1,               0.995,             0.80842,            0.033616,             0.20587,                   0,            0.000496,            0.000496,            0.000496
                 194,            0.036127,             0.14142,                   0,             0.99989,                   1,               0.995,             0.80929,            0.033597,             0.20501,                   0,           0.0004465,           0.0004465,           0.0004465
                 195,            0.034621,             0.16302,                   0,             0.99989,                   1,               0.995,             0.81117,            0.033544,             0.20471,                   0,            0.000397,            0.000397,            0.000397
                 196,            0.035378,             0.14289,                   0,             0.99988,                   1,               0.995,             0.81049,             0.03356,             0.20487,                   0,           0.0003475,           0.0003475,           0.0003475
                 197,             0.03644,             0.13625,                   0,             0.99988,                   1,               0.995,               0.812,            0.033525,             0.20493,                   0,            0.000298,            0.000298,            0.000298
                 198,            0.033402,             0.14904,                   0,             0.99989,                   1,               0.995,             0.81324,            0.033459,             0.20486,                   0,           0.0002485,           0.0002485,           0.0002485
                 199,            0.033278,             0.14726,                   0,             0.99989,                   1,               0.995,             0.81457,            0.033385,             0.20438,                   0,            0.000199,            0.000199,            0.000199
